id,item_name,category,price,condition,department,semester,posting_day,demand_level,claim_speed,description,seller_name,seller_email,posted_date,status,image
1,Data Structures Book,Books,350,Good,CSE,3,Monday,High,Within 1 Day,"Complete textbook with solved examples. Covers arrays, linked lists, trees, graphs. Perfect for 3rd sem CSE students.",Arjun Sharma,arjun@campus.edu,2026-09-10,active,
2,Scientific Calculator,Calculators,650,Good,ECE,4,Tuesday,High,Within 1 Day,Casio FX-991ES Plus. All functions working perfectly. Used for 2 semesters only.,Priya Nair,priya@campus.edu,2026-09-11,active,
3,Engineering Drawing Kit,Project Materials,450,Like New,ME,2,Wednesday,Medium,Within 1 Week,"Complete kit with compass, protractor, set squares, mini drafter. Used only once.",Rahul Verma,rahul@campus.edu,2026-09-09,active,
4,Lab Coat,Lab Equipment,300,Good,BIO,5,Thursday,Medium,Within 1 Week,"White lab coat, size M. Clean and well maintained. Used for 1 year.",Sneha Patel,sneha@campus.edu,2026-09-08,active,
5,Arduino Kit,Project Materials,850,Like New,ECE,5,Friday,High,Within 1 Day,"Arduino Uno R3 with sensors, jumper wires, breadboard. Perfect for projects.",Karthik R,karthik@campus.edu,2026-09-12,active,
6,Programming in Python Book,Books,400,Good,CSE,1,Monday,High,Within 1 Day,"Python programming by NPTEL. Clean pages, no highlights. Great for beginners.",Meera G,meera@campus.edu,2026-09-10,active,
7,Laptop Stand,Electronics,700,Like New,IT,6,Saturday,High,Within 1 Day,Adjustable aluminum laptop stand. Barely used. Perfect ergonomic height.,Vikram S,vikram@campus.edu,2026-09-13,active,
8,College Backpack,Bags,500,Good,CSE,2,Sunday,Low,Within 1 Week,"30L navy blue backpack with laptop compartment. Good condition, minor wear.",Divya K,divya@campus.edu,2026-09-07,active,
9,Graph Sheets,Stationery,50,Like New,ME,3,Monday,Medium,Within 1 Week,"50 A4 graph sheets, unused. Perfect for engineering drawing and lab records.",Arun M,arun@campus.edu,2026-09-14,active,
10,Record Notebook,Stationery,120,Good,ECE,4,Tuesday,Medium,Within 1 Week,"Lab record notebook, half used. Clean entries, good condition.",Lakshmi T,lakshmi@campus.edu,2026-09-11,active,
11,Wireless Mouse,Electronics,450,Good,IT,5,Wednesday,High,Within 1 Day,Logitech M235 wireless mouse. Batteries included. Smooth scroll wheel.,Naveen B,naveen@campus.edu,2026-09-09,active,
12,Engineering Mathematics Book,Books,280,Fair,ME,2,Thursday,High,Within 1 Week,M.K. Singh Engineering Maths Vol 1. Some annotations. Covers all topics.,Pooja C,pooja@campus.edu,2026-09-08,active,
13,Multimeter,Lab Equipment,400,Good,EEE,3,Friday,High,Within 1 Day,Digital multimeter with probes. All functions verified working.,Suresh N,suresh@campus.edu,2026-09-12,active,
14,Raspberry Pi 4,Electronics,1800,Good,CSE,6,Monday,High,Within 1 Day,Raspberry Pi 4 Model B 4GB RAM. With power adapter and 32GB SD card.,Ananya R,ananya@campus.edu,2026-09-10,active,
15,Geometry Box,Stationery,80,Like New,CE,1,Tuesday,Low,Within 1 Week,"Natraj geometry box with all instruments. Unused, still sealed.",Rohan D,rohan@campus.edu,2026-09-11,active,
16,Vernier Caliper,Lab Equipment,350,Good,ME,4,Wednesday,Medium,Within 1 Week,Stainless steel vernier caliper 150mm. Good accuracy. Lab use only.,Kavya P,kavya@campus.edu,2026-09-09,active,
17,DBMS Book,Books,320,Good,CSE,5,Thursday,High,Within 1 Day,Database Management Systems by Ramakrishnan. Excellent condition.,Aditya S,aditya@campus.edu,2026-09-08,active,
18,Portable Power Bank,Electronics,600,Good,IT,3,Friday,Medium,Within 1 Week,"20000mAh power bank, Realme brand. All ports working. Minor scratches.",Preethi V,preethi@campus.edu,2026-09-12,active,
19,Safety Goggles,Lab Equipment,150,Like New,CHEM,2,Monday,Low,Low Probability,Chemical safety goggles. Used twice in lab. Anti-fog coating intact.,Ganesh T,ganesh@campus.edu,2026-09-10,active,
20,Laptop Bag,Bags,600,Good,CSE,4,Tuesday,Low,Low Probability,15.6 inch laptop bag. Padded compartment. Slim design. Black color.,Harini J,harini@campus.edu,2026-09-11,active,
21,Digital Electronics Book,Books,290,Good,ECE,3,Wednesday,High,Within 1 Day,Morris Mano Digital Design. Clean condition with some highlighted topics.,Bala K,bala@campus.edu,2026-09-09,active,
22,Soldering Kit,Project Materials,550,Like New,ECE,5,Thursday,High,Within 1 Day,Temperature-controlled soldering iron with solder wire and flux.,Chitra M,chitra@campus.edu,2026-09-08,active,
23,Control Systems Book,Books,370,Fair,EEE,6,Friday,Medium,Within 1 Week,Nagrath & Gopal Control Systems. Slightly worn but all content readable.,Dinesh P,dinesh@campus.edu,2026-09-12,active,
24,Breadboard,Lab Equipment,100,Good,ECE,2,Monday,High,Within 1 Day,830 point breadboard. All rows verified. Great for circuit experiments.,Esha R,esha@campus.edu,2026-09-10,active,
25,Stationery Set,Stationery,200,Like New,CSE,1,Tuesday,Low,Low Probability,"Full stationery kit: pens, pencils, eraser, sharpener, ruler. New condition.",Faisal A,faisal@campus.edu,2026-09-11,active,
26,Discrete Mathematics,Books,200,Good,IT,3,Monday,Medium,Within 1 Week,It is in good condition,Aari,demo@campus.edu,2026-09-18,claimed,
